-- phpMyAdmin SQL Dump
-- version 4.8.5
-- https://www.phpmyadmin.net/
-- Waktu pembuatan: 10 Bulan Desember 2021 pada 15.23
-- Versi server: 10.1.39-MariaDB
-- Versi PHP: 7.3.5

SET SQL_MODE = "NO_AUTO_VALUE_ON_ZERO";
SET AUTOCOMMIT = 0;
START TRANSACTION;
SET time_zone = "+00:00";


/*!40101 SET @OLD_CHARACTER_SET_CLIENT=@@CHARACTER_SET_CLIENT */;
/*!40101 SET @OLD_CHARACTER_SET_RESULTS=@@CHARACTER_SET_RESULTS */;
/*!40101 SET @OLD_COLLATION_CONNECTION=@@COLLATION_CONNECTION */;
/*!40101 SET NAMES utf8mb4 */;

--
-- Database: `ujianonline`
--

-- --------------------------------------------------------

--
-- Struktur dari tabel `tb_admin`
--

CREATE TABLE `tb_admin` (
  `id_admin` int(11) NOT NULL,
  `nama_lengkap` varchar(50) NOT NULL,
  `alamat` text NOT NULL,
  `no_telp` varchar(15) NOT NULL,
  `email` varchar(100) NOT NULL,
  `username` varchar(40) NOT NULL,
  `password` varchar(40) NOT NULL,
  `pass` varchar(40) NOT NULL
) ENGINE=InnoDB DEFAULT CHARSET=latin1;

--
-- Dumping data untuk tabel `tb_admin`
--

INSERT INTO `tb_admin` (`id_admin`, `nama_lengkap`, `alamat`, `no_telp`, `email`, `username`, `password`, `pass`) VALUES
(1, 'Gunawan Eka C', 'Jl. Raya Pangandaran, Indonesia', '081320123683', 'gunawanec99@gmail.com', 'admin', '21232f297a57a5a743894a0e4a801fc3', 'admin');

-- --------------------------------------------------------

--
-- Struktur dari tabel `tb_berita`
--

CREATE TABLE `tb_berita` (
  `id_berita` int(11) NOT NULL,
  `judul` text NOT NULL,
  `isi` longtext NOT NULL,
  `tgl_posting` date NOT NULL,
  `penerbit` varchar(10) NOT NULL,
  `status` enum('aktif','tidak aktif') NOT NULL
) ENGINE=InnoDB DEFAULT CHARSET=latin1;

--
-- Dumping data untuk tabel `tb_berita`
--

INSERT INTO `tb_berita` (`id_berita`, `judul`, `isi`, `tgl_posting`, `penerbit`, `status`) VALUES
(8, 'Berita 1', 'Test Berita 1', '2021-04-13', 'admin', 'aktif');

-- --------------------------------------------------------

--
-- Struktur dari tabel `tb_file_materi`
--

CREATE TABLE `tb_file_materi` (
  `id_materi` int(11) NOT NULL,
  `judul` varchar(200) NOT NULL,
  `id_kelas` int(4) NOT NULL,
  `id_mapel` int(4) NOT NULL,
  `nama_file` varchar(250) NOT NULL,
  `tgl_posting` date NOT NULL,
  `pembuat` varchar(10) NOT NULL,
  `hits` int(4) NOT NULL
) ENGINE=InnoDB DEFAULT CHARSET=latin1;

--
-- Dumping data untuk tabel `tb_file_materi`
--

INSERT INTO `tb_file_materi` (`id_materi`, `judul`, `id_kelas`, `id_mapel`, `nama_file`, `tgl_posting`, `pembuat`, `hits`) VALUES
(7, 'Materi', 6, 5, 'Invoice-1116034.pdf', '2021-04-13', '15', 1);

-- --------------------------------------------------------

--
-- Struktur dari tabel `tb_jawaban`
--

CREATE TABLE `tb_jawaban` (
  `id` int(11) NOT NULL,
  `id_tq` int(4) NOT NULL,
  `id_soal` int(4) NOT NULL,
  `id_siswa` int(4) NOT NULL,
  `jawaban` text NOT NULL
) ENGINE=InnoDB DEFAULT CHARSET=latin1;

--
-- Dumping data untuk tabel `tb_jawaban`
--

INSERT INTO `tb_jawaban` (`id`, `id_tq`, `id_soal`, `id_siswa`, `jawaban`) VALUES
(60, 9, 9, 10, 'dia adalah manusia'),
(61, 10, 10, 10, 'hehe'),
(62, 11, 11, 10, ''),
(63, 9, 9, 11, 'dia bukan aku'),
(64, 11, 11, 11, 'ieu');

-- --------------------------------------------------------

--
-- Struktur dari tabel `tb_kelas`
--

CREATE TABLE `tb_kelas` (
  `id_kelas` int(11) NOT NULL,
  `nama_kelas` varchar(50) NOT NULL,
  `ruang` varchar(20) NOT NULL,
  `wali_kelas` int(5) NOT NULL,
  `ketua_kelas` int(5) NOT NULL
) ENGINE=InnoDB DEFAULT CHARSET=latin1;

--
-- Dumping data untuk tabel `tb_kelas`
--

INSERT INTO `tb_kelas` (`id_kelas`, `nama_kelas`, `ruang`, `wali_kelas`, `ketua_kelas`) VALUES
(6, 'Kelas 9A', '9A', 15, 10);

-- --------------------------------------------------------

--
-- Struktur dari tabel `tb_kelas_ajar`
--

CREATE TABLE `tb_kelas_ajar` (
  `id` int(11) NOT NULL,
  `id_kelas` int(5) NOT NULL,
  `id_pengajar` int(5) NOT NULL,
  `keterangan` varchar(200) NOT NULL
) ENGINE=InnoDB DEFAULT CHARSET=latin1;

--
-- Dumping data untuk tabel `tb_kelas_ajar`
--

INSERT INTO `tb_kelas_ajar` (`id`, `id_kelas`, `id_pengajar`, `keterangan`) VALUES
(1, 1, 1, 'Halo'),
(2, 1, 8, 'aaa'),
(4, 3, 8, 'bbb'),
(5, 2, 1, 'Halo'),
(6, 5, 15, 'keterangan'),
(7, 6, 15, 'Senin Jam 8');

-- --------------------------------------------------------

--
-- Struktur dari tabel `tb_mapel`
--

CREATE TABLE `tb_mapel` (
  `id` int(11) NOT NULL,
  `kode_mapel` varchar(10) NOT NULL,
  `mapel` varchar(100) NOT NULL
) ENGINE=InnoDB DEFAULT CHARSET=latin1;

--
-- Dumping data untuk tabel `tb_mapel`
--

INSERT INTO `tb_mapel` (`id`, `kode_mapel`, `mapel`) VALUES
(5, 'BHS-001', 'Bahasa Inggris');

-- --------------------------------------------------------

--
-- Struktur dari tabel `tb_mapel_ajar`
--

CREATE TABLE `tb_mapel_ajar` (
  `id` int(11) NOT NULL,
  `id_mapel` int(5) NOT NULL,
  `id_kelas` int(5) NOT NULL,
  `id_pengajar` int(5) NOT NULL,
  `keterangan` varchar(200) NOT NULL
) ENGINE=InnoDB DEFAULT CHARSET=latin1;

--
-- Dumping data untuk tabel `tb_mapel_ajar`
--

INSERT INTO `tb_mapel_ajar` (`id`, `id_mapel`, `id_kelas`, `id_pengajar`, `keterangan`) VALUES
(6, 1, 2, 1, 'aaa'),
(7, 1, 1, 1, 'Kelas baik'),
(9, 3, 2, 1, ''),
(10, 2, 5, 15, 'ket'),
(11, 4, 5, 15, 'heuh'),
(12, 5, 6, 15, 'Senin Jam 8');

-- --------------------------------------------------------

--
-- Struktur dari tabel `tb_nilai_essay`
--

CREATE TABLE `tb_nilai_essay` (
  `id` int(11) NOT NULL,
  `id_tq` int(5) NOT NULL,
  `id_siswa` int(5) NOT NULL,
  `nilai` double NOT NULL
) ENGINE=InnoDB DEFAULT CHARSET=latin1;

--
-- Dumping data untuk tabel `tb_nilai_essay`
--

INSERT INTO `tb_nilai_essay` (`id`, `id_tq`, `id_siswa`, `nilai`) VALUES
(13, 9, 10, 50),
(14, 10, 10, 90);

-- --------------------------------------------------------

--
-- Struktur dari tabel `tb_nilai_pilgan`
--

CREATE TABLE `tb_nilai_pilgan` (
  `id` int(11) NOT NULL,
  `id_tq` int(4) NOT NULL,
  `id_siswa` int(4) NOT NULL,
  `benar` int(4) NOT NULL,
  `salah` int(4) NOT NULL,
  `tidak_dikerjakan` int(4) NOT NULL,
  `presentase` int(6) NOT NULL
) ENGINE=InnoDB DEFAULT CHARSET=latin1;

--
-- Dumping data untuk tabel `tb_nilai_pilgan`
--

INSERT INTO `tb_nilai_pilgan` (`id`, `id_tq`, `id_siswa`, `benar`, `salah`, `tidak_dikerjakan`, `presentase`) VALUES
(35, 8, 10, 2, 0, 0, 100),
(36, 9, 10, 1, 0, 0, 100),
(37, 10, 10, 1, 0, 0, 100),
(38, 11, 10, 0, 0, 1, 0),
(39, 8, 11, 2, 0, 0, 100),
(40, 9, 11, 1, 0, 0, 100),
(41, 11, 11, 1, 0, 0, 100),
(42, 12, 10, 1, 1, 0, 50);

-- --------------------------------------------------------

--
-- Struktur dari tabel `tb_pengajar`
--

CREATE TABLE `tb_pengajar` (
  `id_pengajar` int(11) NOT NULL,
  `nip` varchar(20) NOT NULL,
  `nama_lengkap` varchar(50) NOT NULL,
  `tempat_lahir` varchar(20) NOT NULL,
  `tgl_lahir` date NOT NULL,
  `jenis_kelamin` enum('L','P') NOT NULL,
  `agama` varchar(20) NOT NULL,
  `no_telp` varchar(15) NOT NULL,
  `email` varchar(100) NOT NULL,
  `alamat` text NOT NULL,
  `jabatan` varchar(20) NOT NULL,
  `foto` varchar(100) NOT NULL,
  `web` varchar(60) NOT NULL,
  `username` varchar(40) NOT NULL,
  `password` varchar(40) NOT NULL,
  `pass` varchar(40) NOT NULL,
  `status` enum('aktif','tidak aktif') NOT NULL
) ENGINE=InnoDB DEFAULT CHARSET=latin1;

--
-- Dumping data untuk tabel `tb_pengajar`
--

INSERT INTO `tb_pengajar` (`id_pengajar`, `nip`, `nama_lengkap`, `tempat_lahir`, `tgl_lahir`, `jenis_kelamin`, `agama`, `no_telp`, `email`, `alamat`, `jabatan`, `foto`, `web`, `username`, `password`, `pass`, `status`) VALUES
(15, '12345', 'masgun', 'Ciamis', '1999-27-01', 'L', 'Islam', '0000', 'gg@gmail.com', 'Jl. Jalan', 'Guru Olahraga', 'anonim.png', 'https://www.facebook.com/', 'masgun', '6b2289ef0443b3a806b72fa06887bdc8', 'masgun', 'aktif');

-- --------------------------------------------------------

--
-- Struktur dari tabel `tb_siswa`
--

CREATE TABLE `tb_siswa` (
  `id_siswa` int(11) NOT NULL,
  `nis` varchar(20) NOT NULL,
  `nama_lengkap` varchar(50) NOT NULL,
  `tempat_lahir` varchar(20) NOT NULL,
  `tgl_lahir` date NOT NULL,
  `jenis_kelamin` enum('L','P') NOT NULL,
  `agama` varchar(20) NOT NULL,
  `nama_ayah` varchar(50) NOT NULL,
  `nama_ibu` varchar(50) NOT NULL,
  `no_telp` varchar(15) NOT NULL,
  `email` varchar(100) NOT NULL,
  `alamat` text NOT NULL,
  `id_kelas` varchar(5) NOT NULL,
  `thn_masuk` int(5) NOT NULL,
  `foto` varchar(100) NOT NULL,
  `username` varchar(40) NOT NULL,
  `password` varchar(40) NOT NULL,
  `pass` varchar(40) NOT NULL,
  `status` enum('aktif','tidak aktif') NOT NULL
) ENGINE=InnoDB DEFAULT CHARSET=latin1;

--
-- Dumping data untuk tabel `tb_siswa`
--

INSERT INTO `tb_siswa` (`id_siswa`, `nis`, `nama_lengkap`, `tempat_lahir`, `tgl_lahir`, `jenis_kelamin`, `agama`, `nama_ayah`, `nama_ibu`, `no_telp`, `email`, `alamat`, `id_kelas`, `thn_masuk`, `foto`, `username`, `password`, `pass`, `status`) VALUES
(15, '6849263', 'fiby anata', 'bandung', '2005-06-27', 'L', 'Islam', 'ayah', 'ibu', '7289312', 'fibyanata@gmail.com', 'Jl. Bojong Soang', '9', 2019, 'anonim.png', 'fiby', '806602bb8b70ae57a2e991ac00d26b13', 'fiby', 'aktif');

-- --------------------------------------------------------

--
-- Struktur dari tabel `tb_soal_essay`
--

CREATE TABLE `tb_soal_essay` (
  `id_essay` int(11) NOT NULL,
  `id_tq` int(5) NOT NULL,
  `pertanyaan` text NOT NULL,
  `gambar` varchar(100) NOT NULL,
  `tgl_buat` date NOT NULL
) ENGINE=InnoDB DEFAULT CHARSET=latin1;

--
-- Dumping data untuk tabel `tb_soal_essay`
--

INSERT INTO `tb_soal_essay` (`id_essay`, `id_tq`, `pertanyaan`, `gambar`, `tgl_buat`) VALUES
(9, 9, 'apa itu dia ?', '', '2021-04-13'),
(10, 10, 'text', '', '2021-04-13'),
(11, 11, 'apa ?', '', '2021-04-13');

-- --------------------------------------------------------

--
-- Struktur dari tabel `tb_soal_pilgan`
--

CREATE TABLE `tb_soal_pilgan` (
  `id_pilgan` int(11) NOT NULL,
  `id_tq` int(5) NOT NULL,
  `pertanyaan` text NOT NULL,
  `gambar` varchar(100) NOT NULL,
  `pil_a` text NOT NULL,
  `pil_b` text NOT NULL,
  `pil_c` text NOT NULL,
  `pil_d` text NOT NULL,
  `pil_e` text NOT NULL,
  `kunci` varchar(2) NOT NULL,
  `tgl_buat` date NOT NULL
) ENGINE=InnoDB DEFAULT CHARSET=latin1;

--
-- Dumping data untuk tabel `tb_soal_pilgan`
--

INSERT INTO `tb_soal_pilgan` (`id_pilgan`, `id_tq`, `pertanyaan`, `gambar`, `pil_a`, `pil_b`, `pil_c`, `pil_d`, `pil_e`, `kunci`, `tgl_buat`) VALUES
(19, 8, 'Apa itu Mangga ?', '', 'Buah', 'Sayur', 'Barang', 'Hewan', 'Benda', 'A', '2021-04-13'),
(20, 8, 'Apa itu Batu ?', '', 'buah', 'sayur', 'hewan', 'benda mati', 'makanan', 'D', '2021-04-13'),
(21, 9, 'apa itu aku ?', '', 'manusia', 'hewan', 'sayur', 'buah', 'benda mati', 'A', '2021-04-13'),
(22, 10, 'apa', '', 'a', 'b', 'c', 'd', 'e', 'A', '2021-04-13'),
(23, 11, '1', '', 'a', 'b', 'c', 'd', 'e', 'E', '2021-04-13'),
(24, 12, 'bandung dimana', '', 'jabar', 'kalteng', 'jatim', 'sulteng', 'sumbar', 'A', '2021-04-28'),
(25, 12, 'apa warna bajupada gambar', 'hitam depan.jpeg', 'putih', 'hijau', 'hitam', 'biru', 'salah semua', 'C', '2021-04-28');

-- --------------------------------------------------------

--
-- Struktur dari tabel `tb_topik_quiz`
--

CREATE TABLE `tb_topik_quiz` (
  `id_tq` int(11) NOT NULL,
  `judul` varchar(100) NOT NULL,
  `id_kelas` int(5) NOT NULL,
  `id_mapel` int(5) NOT NULL,
  `tgl_buat` date NOT NULL,
  `pembuat` varchar(10) NOT NULL,
  `waktu_soal` int(8) NOT NULL,
  `info` varchar(250) NOT NULL,
  `status` enum('aktif','tidak aktif') NOT NULL
) ENGINE=InnoDB DEFAULT CHARSET=latin1;

--
-- Dumping data untuk tabel `tb_topik_quiz`
--

INSERT INTO `tb_topik_quiz` (`id_tq`, `judul`, `id_kelas`, `id_mapel`, `tgl_buat`, `pembuat`, `waktu_soal`, `info`, `status`) VALUES
(8, 'Quiz 1', 6, 5, '2021-04-13', '15', 1800, 'Ulah Nyontek', 'aktif'),
(9, 'Quiz 2', 6, 5, '2021-04-13', '15', 600, 'ulah niron nya', 'aktif'),
(10, 'Quiz3', 6, 5, '2021-04-13', '15', 300, '-', 'aktif'),
(11, 'Tugas 1', 6, 5, '2021-04-13', 'admin', 300, 'info', 'aktif'),
(12, 'pre-test', 6, 5, '2021-04-28', '15', 300, 'blabla', 'aktif');

--
-- Indexes for dumped tables
--

--
-- Indeks untuk tabel `tb_admin`
--
ALTER TABLE `tb_admin`
  ADD PRIMARY KEY (`id_admin`);

--
-- Indeks untuk tabel `tb_berita`
--
ALTER TABLE `tb_berita`
  ADD PRIMARY KEY (`id_berita`);

--
-- Indeks untuk tabel `tb_file_materi`
--
ALTER TABLE `tb_file_materi`
  ADD PRIMARY KEY (`id_materi`);

--
-- Indeks untuk tabel `tb_jawaban`
--
ALTER TABLE `tb_jawaban`
  ADD PRIMARY KEY (`id`);

--
-- Indeks untuk tabel `tb_kelas`
--
ALTER TABLE `tb_kelas`
  ADD PRIMARY KEY (`id_kelas`);

--
-- Indeks untuk tabel `tb_kelas_ajar`
--
ALTER TABLE `tb_kelas_ajar`
  ADD PRIMARY KEY (`id`);

--
-- Indeks untuk tabel `tb_mapel`
--
ALTER TABLE `tb_mapel`
  ADD PRIMARY KEY (`id`);

--
-- Indeks untuk tabel `tb_mapel_ajar`
--
ALTER TABLE `tb_mapel_ajar`
  ADD PRIMARY KEY (`id`);

--
-- Indeks untuk tabel `tb_nilai_essay`
--
ALTER TABLE `tb_nilai_essay`
  ADD PRIMARY KEY (`id`);

--
-- Indeks untuk tabel `tb_nilai_pilgan`
--
ALTER TABLE `tb_nilai_pilgan`
  ADD PRIMARY KEY (`id`);

--
-- Indeks untuk tabel `tb_pengajar`
--
ALTER TABLE `tb_pengajar`
  ADD PRIMARY KEY (`id_pengajar`);

--
-- Indeks untuk tabel `tb_siswa`
--
ALTER TABLE `tb_siswa`
  ADD PRIMARY KEY (`id_siswa`);

--
-- Indeks untuk tabel `tb_soal_essay`
--
ALTER TABLE `tb_soal_essay`
  ADD PRIMARY KEY (`id_essay`);

--
-- Indeks untuk tabel `tb_soal_pilgan`
--
ALTER TABLE `tb_soal_pilgan`
  ADD PRIMARY KEY (`id_pilgan`);

--
-- Indeks untuk tabel `tb_topik_quiz`
--
ALTER TABLE `tb_topik_quiz`
  ADD PRIMARY KEY (`id_tq`);

--
-- AUTO_INCREMENT untuk tabel yang dibuang
--

--
-- AUTO_INCREMENT untuk tabel `tb_admin`
--
ALTER TABLE `tb_admin`
  MODIFY `id_admin` int(11) NOT NULL AUTO_INCREMENT, AUTO_INCREMENT=2;

--
-- AUTO_INCREMENT untuk tabel `tb_berita`
--
ALTER TABLE `tb_berita`
  MODIFY `id_berita` int(11) NOT NULL AUTO_INCREMENT, AUTO_INCREMENT=9;

--
-- AUTO_INCREMENT untuk tabel `tb_file_materi`
--
ALTER TABLE `tb_file_materi`
  MODIFY `id_materi` int(11) NOT NULL AUTO_INCREMENT, AUTO_INCREMENT=8;

--
-- AUTO_INCREMENT untuk tabel `tb_jawaban`
--
ALTER TABLE `tb_jawaban`
  MODIFY `id` int(11) NOT NULL AUTO_INCREMENT, AUTO_INCREMENT=65;

--
-- AUTO_INCREMENT untuk tabel `tb_kelas`
--
ALTER TABLE `tb_kelas`
  MODIFY `id_kelas` int(11) NOT NULL AUTO_INCREMENT, AUTO_INCREMENT=7;

--
-- AUTO_INCREMENT untuk tabel `tb_kelas_ajar`
--
ALTER TABLE `tb_kelas_ajar`
  MODIFY `id` int(11) NOT NULL AUTO_INCREMENT, AUTO_INCREMENT=8;

--
-- AUTO_INCREMENT untuk tabel `tb_mapel`
--
ALTER TABLE `tb_mapel`
  MODIFY `id` int(11) NOT NULL AUTO_INCREMENT, AUTO_INCREMENT=6;

--
-- AUTO_INCREMENT untuk tabel `tb_mapel_ajar`
--
ALTER TABLE `tb_mapel_ajar`
  MODIFY `id` int(11) NOT NULL AUTO_INCREMENT, AUTO_INCREMENT=13;

--
-- AUTO_INCREMENT untuk tabel `tb_nilai_essay`
--
ALTER TABLE `tb_nilai_essay`
  MODIFY `id` int(11) NOT NULL AUTO_INCREMENT, AUTO_INCREMENT=15;

--
-- AUTO_INCREMENT untuk tabel `tb_nilai_pilgan`
--
ALTER TABLE `tb_nilai_pilgan`
  MODIFY `id` int(11) NOT NULL AUTO_INCREMENT, AUTO_INCREMENT=43;

--
-- AUTO_INCREMENT untuk tabel `tb_pengajar`
--
ALTER TABLE `tb_pengajar`
  MODIFY `id_pengajar` int(11) NOT NULL AUTO_INCREMENT, AUTO_INCREMENT=16;

--
-- AUTO_INCREMENT untuk tabel `tb_siswa`
--
ALTER TABLE `tb_siswa`
  MODIFY `id_siswa` int(11) NOT NULL AUTO_INCREMENT, AUTO_INCREMENT=12;

--
-- AUTO_INCREMENT untuk tabel `tb_soal_essay`
--
ALTER TABLE `tb_soal_essay`
  MODIFY `id_essay` int(11) NOT NULL AUTO_INCREMENT, AUTO_INCREMENT=12;

--
-- AUTO_INCREMENT untuk tabel `tb_soal_pilgan`
--
ALTER TABLE `tb_soal_pilgan`
  MODIFY `id_pilgan` int(11) NOT NULL AUTO_INCREMENT, AUTO_INCREMENT=26;

--
-- AUTO_INCREMENT untuk tabel `tb_topik_quiz`
--
ALTER TABLE `tb_topik_quiz`
  MODIFY `id_tq` int(11) NOT NULL AUTO_INCREMENT, AUTO_INCREMENT=13;
COMMIT;

/*!40101 SET CHARACTER_SET_CLIENT=@OLD_CHARACTER_SET_CLIENT */;
/*!40101 SET CHARACTER_SET_RESULTS=@OLD_CHARACTER_SET_RESULTS */;
/*!40101 SET COLLATION_CONNECTION=@OLD_COLLATION_CONNECTION */;
